0.05, 0.34,0.6132,0.812,0.9858,1.0094,0.99275,,0.0045,-0.0225,0.0405,-0.063,0.063,-0.0675
0.1, 0.8075,0.88695,0.82215,1.007,0.7938,0.84645,,0.054,-0.0495,0.0405,-0.054,0.063,-0.0585
0.15, 0.7055,0.79935,0.88305,0.8586,0.7938,0.76285,,0.0585,-0.0405,0.0495,-0.0495,0.0495,-0.045
0.2, 0.6375,0.79935,0.82215,0.8586,0.7938,0.90915,,0.045,-0.045,0.045,-0.054,0.0495,-0.045
0.25, 0.7395,0.79935,0.80185,0.8586,0.931,0.84645,,0.0495,-0.045,0.036,-0.045,0.0585,-0.0585
0.3, 0.8075,0.42705,0.2436,0.0848,0.0294,-0.07315,,0.036,-0.0045,0,0,0,-0.0045
0.35, 0.0595,0.14235,0.07105,-0.0106,-0.0686,-0.01045,,0,-0.0045,0,-0.0045,0,-0.0045
0.4, 0.0085,0.14235,-0.07105,0.0742,0.0686,0.13585,,0,-0.0045,0,-0.0045,0,-0.0045
0.45, 0.0085,-0.07665,-0.07105,0.0742,0.0098,-0.07315,,0,-0.0045,0,-0.0045,0,-0.0045
0.5, 0.0595,0.07665,0.07105,-0.0106,-0.0686,-0.01045,,0,-0.0045,0,-0.0045,0,-0.0045
0.55, 0.0595,-0.07665,-0.07105,0.0742,0.0098,-0.01045,,0,-0.0045,0,-0.0045,0,-0.0045
0.6, 0.0085,-0.01095,-0.01015,-0.0742,0.0686,-0.07315,,0,-0.0045,0,-0.0045,0,-0.0045
0.65, -0.0595,-0.07665,-0.01015,-0.0106,-0.0686,-0.01045,,0,-0.0045,0,-0.0045,0,-0.0045
0.7, 0.0595,-0.07665,0.07105,-0.0106,0.0686,-0.15675,,0,-0.0045,0,-0.0045,0,-0.0045
0.75, 0.0595,-0.07665,-0.01015,-0.0742,0.0686,-0.07315,,0,-0.0045,0,-0.0045,0,-0.0045
0.8, 0.0595,-0.01095,-0.01015,0.1378,-0.0686,-0.07315,,0,-0.0045,0,-0.0045,0,-0.0045
0.85, 0.0595,-0.07665,-0.07105,-0.0106,-0.147,-0.01045,,0,-0.0045,0,-0.0045,0,-0.0045
0.9, 0.0595,0.42705,0.5684,0.9328,0.9114,0.76285,,0,-0.0045,0.018,-0.045,0.0495,-0.045
0.95, 0.8075,0.79935,0.65975,0.7738,0.8526,0.82555,,0.045,-0.045,0.0315,-0.045,0.045,-0.045
1, 0.7395,0.79935,0.80185,0.9222,0.7742,0.82555,,0.0495,-0.045,0.027,-0.045,0.0405,-0.0495
1.05, 0.6885,0.86505,0.74095,0.8586,0.7938,0.76285,,0.0585,-0.036,0.036,-0.054,0.0495,-0.045
1.1, 0.7565,0.86505,0.80185,0.7738,0.7938,0.76285,,0.0495,-0.036,0.0405,-0.063,0.0495,-0.0495
1.15, 0.6205,0.79935,0.59885,0.8586,0.7938,0.76285,,0.045,-0.045,0.0315,-0.054,0.0585,-0.036
1.2, 0.6885,0.79935,0.80185,0.9222,0.8526,0.76285,,0.045,-0.045,0.0405,-0.0585,0.0495,-0.045
1.25, 0.6885,0.86505,0.74095,0.7738,0.931,0.84645,,0.0495,-0.045,0.045,-0.0585,0.0495,-0.0585
1.3, 0.8075,0.79935,0.80185,0.8586,0.8722,0.67925,,0.045,-0.045,0.036,-0.054,0.0585,-0.0405
1.35, 0.6375,0.79935,0.74095,0.8586,0.7938,0.76285,,0.045,-0.045,0.045,-0.0405,0.0495,-0.045
1.4, 0.6885,0.86505,0.74095,0.8586,0.7938,0.84645,,0.045,-0.036,0.0405,-0.054,0.0495,-0.0585
1.45, 0.7565,0.86505,0.65975,0.7738,0.7938,0.76285,,0.054,-0.036,0.0405,-0.045,0.0495,-0.063
1.5, 0.6885,0.86505,0.74095,1.0706,0.7938,0.59565,,0.063,-0.045,0.0405,-0.0675,0.054,-0.0225
1.55, 0.68,0.58035,0.1624,0,-0.049,-0.01045,,0.0135,-0.0045,0,-0.0045,0,-0.0045
1.6, 0.1105,0.14235,0.05075,0.1378,-0.0686,-0.07315,,0,-0.0045,0,-0.0045,0,-0.0045
1.65, -0.0595,0.07665,-0.07105,0.0742,-0.0686,-0.15675,,0,-0.0045,0,-0.0045,0,-0.0045
1.7, 0.0595,-0.01095,-0.01015,0.0742,0.1274,-0.07315,,0,-0.0045,0,-0.0045,0,-0.0045
1.75, 0.0595,-0.01095,-0.01015,-0.0106,-0.0686,-0.15675,,0,-0.0045,0,-0.0045,0,-0.0045
1.8, -0.0595,-0.09855,0.07105,-0.0106,-0.0098,0.05225,,0,-0.0045,0,-0.0045,0,-0.0045
1.85, 0.0595,-0.07665,-0.01015,0.0742,0.0686,-0.07315,,0,-0.0045,0,-0.0045,0,-0.0045
1.9, 0.0595,-0.01095,-0.01015,-0.0106,0.0686,-0.01045,,0,-0.0045,0,-0.0045,0,-0.0045
1.95, 0.0595,-0.01095,-0.07105,-0.0742,-0.0098,-0.01045,,0,-0.0045,0,-0.0045,0,-0.0045
2, 0.1785,-0.07665,-0.07105,0.0742,0.0686,-0.09405,,0,-0.0045,0,-0.0045,0,-0.0045
2.05, 0.0595,-0.07665,-0.15225,-0.0742,-0.0686,-0.01045,,0,-0.0045,0,-0.0045,0,-0.0045
2.1, -0.0595,-0.01095,-0.15225,-0.0106,-0.0098,-0.01045,,0,-0.0045,0,-0.0045,0,-0.0045
2.15, 0.0595,0.36135,0.5684,0.9328,0.9114,0.82555,,0,-0.0045,0.0135,-0.0495,0.0495,-0.0495
2.2, 0.6205,0.79935,0.72065,0.8374,0.7154,0.76285,,0.0495,-0.045,0.0315,-0.045,0.0315,-0.045
2.25, 0.6205,0.71175,0.65975,0.9222,0.7154,0.76285,,0.045,-0.0405,0.0405,-0.054,0.0495,-0.0495
2.3, 0.6885,0.86505,0.80185,0.8586,0.7154,0.76285,,0.0495,-0.045,0.0405,-0.0495,0.0495,-0.0495
2.35, 0.6885,0.79935,0.80185,0.7102,0.7938,0.84645,,0.0405,-0.045,0.036,-0.054,0.0585,-0.0585
2.4, 0.6205,0.79935,0.65975,0.8586,0.7154,0.76285,,0.0495,-0.0495,0.0315,-0.0495,0.036,-0.0495
2.45, 0.6885,0.86505,0.74095,0.9222,0.7938,0.76285,,0.0585,-0.045,0.0405,-0.0495,0.0495,-0.0495
2.5, 0.6885,0.79935,0.65975,0.9222,0.7154,0.70015,,0.054,-0.045,0.0405,-0.0585,0.0495,-0.045
2.55, 0.6885,0.71175,0.65975,0.8586,0.7938,0.90915,,0.0495,-0.045,0.0405,-0.054,0.0495,-0.0585
2.6, 0.6885,0.71175,0.74095,0.8586,0.931,0.76285,,0.045,-0.036,0.0405,-0.054,0.0495,-0.045
2.65, 0.6885,0.86505,0.59885,0.8586,0.7938,0.90915,,0.0405,-0.045,0.0405,-0.054,0.0495,-0.054
2.7, 0.8075,0.79935,0.80185,0.8586,0.7938,0.84645,,0.0495,-0.045,0.0405,-0.054,0.0405,-0.0585
2.75, 0.6885,0.86505,0.74095,0.8586,0.637,0.55385,,0.0495,-0.036,0.0405,-0.054,0.027,-0.027
2.8, 0.612,0.438,0.0812,0,-0.1274,-0.21945,,0.0135,-0.0045,0,-0.0045,0,-0.0045
2.85, -0.0085,-0.07665,-0.01015,-0.0106,-0.0686,-0.01045,,0,-0.0045,0,-0.0045,0,-0.0045
2.9, 0.0595,-0.01095,-0.07105,0.0742,-0.0686,-0.01045,,0,-0.0045,0,-0.0045,0,-0.0045
2.95, 0.0595,-0.01095,-0.01015,0.0742,0.1274,0.07315,,0,-0.0045,0,-0.0045,0,-0.0045
3, -0.0595,0.07665,-0.01015,0.0742,0.0686,-0.07315,,0,-0.0045,0,-0.0045,0,-0.0045
3.05, 0.0595,-0.07665,0.07105,-0.0106,-0.0098,0.05225,,0,-0.0045,0,-0.0045,0,-0.0045
3.1, 0.0595,0.07665,-0.07105,-0.0742,0.0686,0.01045,,0,-0.0045,0,-0.0045,0,-0.0045
3.15, 0.0595,-0.01095,-0.01015,0.0742,0.0686,-0.07315,,0,-0.0045,0,-0.0045,0,-0.0045
3.2, -0.0595,0.07665,-0.07105,-0.0106,-0.0098,-0.21945,,0,-0.0045,0,-0.0045,0,-0.0045
3.25, 0.0595,-0.01095,-0.01015,0.0742,0.0686,0.05225,,0,-0.0045,0,-0.0045,0,-0.0045
3.3, 0.0595,-0.01095,-0.01015,-0.0106,-0.0686,-0.01045,,0,-0.0045,0,-0.0045,0,-0.0045
3.35, 0.0595,-0.07665,-0.15225,-0.0106,-0.0098,-0.01045,,0,-0.0045,0,-0.0045,0,-0.0045
3.4, 0.0085,0.27375,0.4872,0.848,0.833,0.76285,,0,-0.0045,0.0225,-0.045,0.0405,-0.0495
3.45, 0.5525,0.6132,0.65975,0.7738,0.7154,0.76285,,0.0315,-0.0225,0.0315,-0.054,0.0405,-0.045
3.5, 0.7395,0.79935,0.80185,1.007,0.6566,0.76285,,0.0405,-0.054,0.0315,-0.0495,0.0495,-0.045
3.55, 0.7395,0.86505,0.65975,0.9222,0.7154,0.82555,,0.0495,-0.045,0.0405,-0.054,0.0585,-0.0495
3.6, 0.6205,0.95265,0.65975,0.8586,0.7154,0.67925,,0.0495,-0.0405,0.0315,-0.054,0.0495,-0.045
3.65, 0.7395,0.86505,0.74095,0.8586,0.7154,0.82555,,0.0405,-0.045,0.0405,-0.0585,0.054,-0.0495
3.7, 0.6885,0.86505,0.80185,0.7738,0.7938,0.84645,,0.0405,-0.045,0.0315,-0.054,0.0495,-0.063
3.75, 0.7395,0.79935,0.74095,0.8586,0.6566,0.82555,,0.045,-0.045,0.0405,-0.054,0.0495,-0.045
3.8, 0.7395,0.79935,0.74095,0.7738,0.7938,0.76285,,0.0495,-0.054,0.0495,-0.045,0.0495,-0.0495
3.85, 0.7395,0.79935,0.80185,1.007,0.7938,0.90915,,0.0405,-0.036,0.0315,-0.063,0.0495,-0.0585
3.9, 0.6205,0.79935,0.74095,0.9222,0.7154,0.84645,,0.0495,-0.045,0.0405,-0.054,0.0495,-0.0585
3.95, 0.7395,0.79935,0.74095,0.9434,0.7938,0.76285,,0.0495,-0.045,0.0405,-0.0675,0.0495,-0.045
4, 0.6885,0.86505,0.68005,0.9434,0.7154,0.63745,,0.0405,-0.045,0.0405,-0.0675,0.036,-0.018
4.05, 0.612,0.51465,0.0812,0.1166,-0.049,-0.07315,,0.018,-0.0045,0,0,0,-0.0045
4.1, -0.0595,0.05475,-0.15225,-0.0106,-0.0098,-0.01045,,0,-0.0045,0,-0.0045,0,-0.0045
4.15, 0.0085,-0.01095,-0.01015,0.0742,-0.147,-0.01045,,0,-0.0045,0,-0.0045,0,-0.0045
4.2, 0.0085,-0.07665,-0.01015,-0.0742,0.0686,0.07315,,0,-0.0045,0,-0.0045,0,-0.0045
4.25, 0.0595,-0.01095,-0.01015,-0.0106,-0.0686,-0.07315,,0,-0.0045,0,-0.0045,0,-0.0045
4.3, 0.0595,-0.01095,0.07105,-0.159,-0.0686,-0.01045,,0,-0.0045,0,-0.0045,0,-0.0045
4.35, 0.0595,0.07665,0.13195,0.0742,0.0686,0.07315,,0,-0.0045,0,-0.0045,0,-0.0045
4.4, 0.0595,-0.07665,-0.01015,-0.0742,-0.0686,0.07315,,0,-0.0045,0,-0.0045,0,-0.0045
4.45, 0.0595,-0.01095,0.07105,-0.0106,-0.0686,-0.01045,,0,-0.0045,0,-0.0045,0,-0.0045
4.5, 0.0595,-0.01095,-0.07105,0.0742,-0.0098,-0.01045,,0,-0.0045,0,-0.0045,0,-0.0045
4.55, 0.0595,-0.07665,-0.07105,0.0742,0.0686,-0.07315,,0,-0.0045,0,-0.0045,0,-0.0045
4.6, -0.0595,-0.07665,-0.01015,-0.0742,-0.0686,-0.07315,,0,-0.0045,0,-0.0045,0,-0.0045
4.65, -0.0085,-0.16425,0.25375,0.371,0.1568,0.2508,,0,-0.0045,0,0,0,0
4.7, 0.204,0.438,0.812,0.901,0.8526,0.82555,,0,-0.009,0.036,-0.0495,0.0405,-0.054
4.75, 0.6205,0.71175,0.80185,0.7102,0.8526,0.70015,,0.036,-0.0405,0.045,-0.054,0.054,-0.0585
4.8, 0.6885,0.79935,0.65975,0.7738,0.7742,0.90915,,0.0405,-0.045,0.036,-0.0405,0.0405,-0.054
4.85, 0.6205,0.79935,0.80185,0.9222,0.8526,0.76285,,0.0405,-0.0405,0.0405,-0.0405,0.0495,-0.045
4.9, 0.6205,0.86505,0.74095,0.8586,0.7938,0.76285,,0.0405,-0.045,0.036,-0.054,0.0495,-0.045
4.95, 0.6885,0.79935,0.80185,0.7738,0.931,0.84645,,0.0405,-0.045,0.0315,-0.045,0.054,-0.054
5, 0.7395,0.79935,0.65975,0.9222,0.6566,0.90915,,0.054,-0.045,0.0405,-0.0585,0.0405,-0.045
5.05, 0.6885,0.79935,0.74095,1.007,0.8526,0.76285,,0.0495,-0.054,0.0405,-0.0675,0.054,-0.045
5.1, 0.6885,0.86505,0.65975,0.8586,0.7938,0.90915,,0.0495,-0.036,0.054,-0.0585,0.0585,-0.054
5.15, 0.6205,0.79935,0.65975,1.007,0.8526,0.84645,,0.0495,-0.0405,0.0315,-0.054,0.045,-0.054
5.2, 0.6885,0.95265,0.74095,0.8586,0.7938,0.76285,,0.0495,-0.054,0.036,-0.054,0.0495,-0.045
5.25, 0.6885,0.86505,0.80185,0.8586,0.7938,0.70015,,0.0405,-0.045,0.0405,-0.0585,0.0495,-0.0495
5.3, 0.6205,0.51465,0.2436,0,-0.049,-0.07315,,0.0405,-0.0045,0,-0.0045,0,-0.0045
5.35, -0.0595,0.14235,-0.01015,0.0742,-0.0686,-0.01045,,0,-0.0045,0,-0.0045,0,-0.0045
5.4, 0.0595,-0.07665,-0.01015,-0.0742,-0.0098,0.07315,,0,-0.0045,0,-0.0045,0,-0.0045
5.45, 0.0595,-0.01095,0.07105,-0.0106,-0.0098,-0.01045,,0,-0.0045,0,-0.0045,0,-0.0045
5.5, 0.0595,0.07665,0.07105,-0.0742,-0.0098,-0.01045,,0,-0.0045,0,-0.0045,0,-0.0045
5.55, 0.0085,-0.01095,-0.01015,-0.0106,0.0686,-0.07315,,0,-0.0045,0,-0.0045,0,-0.0045
5.6, -0.0595,-0.16425,-0.01015,-0.0742,-0.0686,-0.01045,,0,-0.0045,0,-0.0045,0,-0.0045
5.65, 0.0085,0.07665,-0.07105,-0.0106,-0.0098,0.13585,,0,-0.0045,0,-0.0045,0,-0.0045
5.7, -0.0085,-0.01095,-0.07105,-0.0106,0.0686,-0.07315,,0,-0.0045,0,-0.0045,0,-0.0045
5.75, -0.0085,-0.01095,-0.01015,-0.0106,-0.0686,0.07315,,0,-0.0045,0,-0.0045,0,-0.0045
5.8, 0.0595,0.07665,-0.07105,-0.0742,-0.0686,-0.15675,,0,-0.0045,0,-0.0045,0,-0.0045
5.85, 0.0595,0.07665,-0.01015,0.0742,0.0686,-0.01045,,0,-0.0045,0,-0.0045,-0.0045,-0.0045
5.9, -0.0595,-0.01095,-0.01015,-0.0742,0.0294,0.28215,,0,-0.0045,0,-0.0045,0,0
5.95, 0.204,0.5256,0.812,1.0176,0.7742,0.67925,,0,-0.018,0.0315,-0.045,0.0405,-0.036
6, 0.6205,0.64605,0.74095,0.9222,0.7154,0.76285,,0.0405,-0.036,0.036,-0.0405,0.0405,-0.0585
6.05, 0.7395,0.86505,0.65975,0.7738,0.7154,0.76285,,0.0495,-0.036,0.027,-0.0405,0.0495,-0.0495
6.1, 0.7395,0.86505,0.80185,0.7738,0.7154,0.61655,,0.0495,-0.045,0.036,-0.045,0.0405,-0.036
6.15, 0.6715,0.86505,0.74095,0.9222,0.7938,0.76285,,0.0405,-0.0585,0.0405,-0.0495,0.054,-0.045
6.2, 0.6885,0.79935,0.65975,0.8586,0.8526,0.76285,,0.0405,-0.045,0.0315,-0.0495,0.0495,-0.045
6.25, 0.6205,0.79935,0.74095,0.7738,0.8526,0.82555,,0.054,-0.0405,0.0405,-0.0495,0.0495,-0.045
6.3, 0.6885,0.79935,0.74095,0.8586,0.7938,0.61655,,0.0405,-0.045,0.0405,-0.054,0.054,-0.045
6.35, 0.6885,0.86505,0.65975,0.8586,0.7938,0.76285,,0.036,-0.045,0.027,-0.0495,0.0495,-0.0585
6.4, 0.6205,0.79935,0.80185,0.7738,0.7154,0.84645,,0.0495,-0.045,0.0405,-0.0405,0.036,-0.0585
6.45, 0.6885,0.79935,0.80185,0.9222,0.8526,0.90915,,0.054,-0.0405,0.036,-0.054,0.045,-0.0495
6.5, 0.6885,0.71175,0.88305,0.8586,0.7938,0.76285,,0.0405,-0.045,0.0495,-0.0585,0.0495,-0.045
6.55, 0.7395,0.58035,0.3248,0.0848,-0.2352,-0.15675,,0.0405,-0.0045,0,-0.0045,0,-0.0045
6.6, -0.0595,-0.07665,-0.07105,0.0742,-0.0686,0.07315,,0,-0.0045,0,-0.0045,0,-0.0045
6.65, 0.0085,-0.01095,-0.01015,-0.0742,0.0686,-0.07315,,0,-0.0045,0,-0.0045,0,-0.0045
6.7, -0.0085,-0.01095,0.07105,-0.0106,-0.0098,-0.07315,,0,-0.0045,0,-0.0045,0,-0.0045
6.75, 0.0595,0.07665,-0.07105,0.0742,-0.0098,-0.01045,,0,-0.0045,0,-0.0045,0,-0.0045
6.8, 0.0595,-0.07665,-0.07105,-0.0742,-0.0098,-0.07315,,0,-0.0045,0,-0.0045,0,-0.0045
6.85, 0.0595,0.14235,-0.01015,-0.0742,-0.0098,-0.07315,,0,-0.0045,0,-0.0045,0,-0.0045
6.9, 0.0085,0.07665,0.07105,-0.0106,-0.0098,-0.01045,,0,-0.0045,0,-0.0045,0,-0.0045
6.95, 0.0595,-0.07665,-0.07105,-0.0742,0.0686,0.07315,,0,-0.0045,0,-0.0045,0,-0.0045
7, 0.0595,-0.01095,-0.01015,-0.0106,0.1274,0.07315,,0,-0.0045,0,-0.0045,0,-0.0045
7.05, -0.0595,-0.07665,0.07105,-0.0106,-0.0686,-0.01045,,0,-0.0045,0,-0.0045,0,-0.0045
7.1, 0.0595,-0.07665,-0.01015,0.0742,0.0686,0.07315,,0,-0.0045,0,-0.0045,0,-0.0045
7.15, 0.0595,-0.01095,-0.01015,-0.0106,0.0686,0.26125,,0,-0.0045,0,-0.0045,0,0
7.2, 0.136,0.5256,0.812,1.0176,0.7154,0.82555,,0,-0.018,0.0315,-0.054,0.0495,-0.036
7.25, 0.5695,0.71175,0.74095,0.8586,0.8526,0.61655,,0.0405,-0.045,0.0405,-0.0405,0.0405,-0.045
7.3, 0.6715,0.86505,0.65975,0.7738,0.7154,0.76285,,0.0405,-0.036,0.0315,-0.0405,0.0495,-0.0495
7.35, 0.6205,0.79935,0.80185,0.7738,0.7154,0.82555,,0.045,-0.0405,0.0405,-0.045,0.0405,-0.045
7.4, 0.6205,0.79935,0.74095,0.9222,0.7938,0.76285,,0.036,-0.045,0.045,-0.054,0.0495,-0.045
7.45, 0.6205,0.79935,0.65975,0.8586,0.7938,0.76285,,0.027,-0.045,0.0405,-0.0675,0.0495,-0.0585
7.5, 0.6205,0.95265,0.80185,0.7738,0.7154,0.76285,,0.0405,-0.0495,0.0405,-0.045,0.0495,-0.0495
7.55, 0.6205,0.95265,0.74095,0.9222,0.7154,0.70015,,0.0495,-0.045,0.0405,-0.0495,0.0495,-0.054
7.6, 0.7395,0.79935,0.65975,0.8586,0.7938,0.90915,,0.0495,-0.045,0.0315,-0.0675,0.0495,-0.045
7.65, 0.6885,0.79935,0.74095,0.9222,0.7938,0.84645,,0.045,-0.045,0.0315,-0.0585,0.054,-0.0585
7.7, 0.7395,0.79935,0.74095,0.8586,0.8526,0.76285,,0.0495,-0.045,0.0405,-0.054,0.0495,-0.0405
7.75, 0.5695,0.71175,0.74095,0.8586,0.7938,0.76285,,0.0405,-0.045,0.0405,-0.054,0.0405,-0.045
7.8, 0.6205,0.42705,0.2436,0,-0.049,-0.01045,,0.0405,-0.0045,0,-0.0045,0,-0.0045
7.85, 0.0595,0,0.07105,0.0742,0.0686,-0.01045,,0,-0.0045,0,-0.0045,0,-0.0045
7.9, 0.0595,0.07665,-0.07105,-0.0742,0.0686,-0.01045,,0,-0.0045,0,-0.0045,0,-0.0045
7.95, -0.0595,-0.01095,-0.01015,-0.0106,-0.0098,0.13585,,0,-0.0045,0,-0.0045,0,-0.0045
8, 0.1275,-0.01095,0.07105,0.0742,-0.0098,-0.01045,,0,-0.0045,0,-0.0045,0,-0.0045
8.05, -0.0595,0.07665,-0.07105,0.0742,0.0686,0.07315,,0,-0.0045,0,-0.0045,0,-0.0045
8.1, -0.0595,-0.07665,-0.01015,0.0742,-0.0686,-0.07315,,0,-0.0045,0,-0.0045,0,-0.0045
8.15, 0.0595,-0.01095,-0.01015,-0.0106,-0.0098,-0.01045,,0,-0.0045,0,-0.0045,0,-0.0045
8.2, 0.0595,-0.01095,-0.01015,0.0742,0.1274,-0.01045,,0,-0.0045,0,-0.0045,0,-0.0045
8.25, -0.0595,0.07665,-0.01015,-0.0742,-0.0098,-0.01045,,0,-0.0045,0,-0.0045,0,-0.0045
8.3, -0.0085,-0.01095,-0.15225,-0.0106,-0.0098,-0.01045,,0,-0.0045,0,-0.0045,0,-0.0045
8.35, -0.0595,-0.01095,-0.07105,-0.0106,-0.0882,-0.01045,,0,-0.0045,0,-0.0045,0,-0.0045
8.4, 0.1105,-0.07665,-0.01015,-0.0742,0.0686,0.11495,,0,-0.0045,0,-0.0045,0,0
8.45, 0.136,0.27375,0.812,1.0176,0.7742,0.67925,,0,-0.0045,0.0315,-0.0585,0.0495,-0.036
8.5, 0.6205,0.79935,0.80185,0.9222,0.6566,0.82555,,0.0315,-0.036,0.0405,-0.054,0.0405,-0.0495
8.55, 0.6205,0.79935,0.65975,0.8374,0.7742,0.90915,,0.0405,-0.045,0.0405,-0.045,0.054,-0.0585
8.6, 0.6205,0.71175,0.74095,0.7738,0.7154,0.76285,,0.0405,-0.036,0.027,-0.0405,0.0405,-0.045
8.65, 0.6205,0.86505,0.74095,0.9222,0.8526,0.82555,,0.045,-0.045,0.0405,-0.054,0.0405,-0.0495
8.7, 0.6205,0.79935,0.80185,0.7738,0.7938,0.76285,,0.0315,-0.045,0.0315,-0.054,0.0495,-0.045
8.75, 0.6205,0.79935,0.65975,0.7738,0.7154,0.67925,,0.0495,-0.0495,0.0315,-0.0495,0.045,-0.036
8.8, 0.6885,0.79935,0.74095,0.7738,0.8526,0.76285,,0.0495,-0.036,0.0405,-0.054,0.0495,-0.0495
8.85, 0.7395,0.79935,0.74095,0.9434,0.7938,0.76285,,0.0405,-0.0405,0.036,-0.054,0.0495,-0.0495
8.9, 0.6885,0.79935,0.74095,0.9222,0.7154,0.76285,,0.045,-0.045,0.0405,-0.0405,0.0405,-0.045
8.95, 0.6205,0.86505,0.74095,0.8586,0.7938,0.82555,,0.0405,-0.045,0.0405,-0.0585,0.0405,-0.0495
9, 0.7395,0.79935,0.74095,0.8586,0.7154,0.76285,,0.0405,-0.045,0.0405,-0.054,0.0405,-0.0495
9.05, 0.6885,0.79935,0.53795,0.7632,0.7056,0.6688,,0.0495,-0.0495,0.0135,-0.027,0.0225,-0.018
9.1, 0.612,0.3504,0.0812,0.1166,-0.1274,-0.07315,,0.0135,-0.0045,0,-0.0045,0,-0.0045
9.15, -0.0595,-0.01095,-0.01015,-0.0742,-0.0098,-0.07315,,0,-0.0045,0,-0.0045,0,-0.0045
9.2, -0.0085,-0.01095,-0.07105,0.0742,0.0686,-0.01045,,0,-0.0045,0,-0.0045,0,-0.0045
9.25, 0.0595,-0.01095,-0.01015,0.0742,-0.0686,-0.07315,,0,-0.0045,0,-0.0045,0,-0.0045
9.3, 0.0595,-0.01095,-0.01015,0.0742,-0.0098,-0.01045,,0,-0.0045,0,-0.0045,0,-0.0045
9.35, -0.0085,-0.07665,-0.07105,-0.0742,-0.147,-0.07315,,0,-0.0045,0,-0.0045,0,-0.0045
9.4, 0.0595,-0.01095,0.07105,-0.0742,0.0686,-0.07315,,0,-0.0045,0,-0.0045,0,-0.0045
9.45, 0.0595,-0.01095,0.13195,0.1378,-0.0098,-0.07315,,0,-0.0045,0,-0.0045,0,-0.0045
9.5, -0.0085,-0.01095,0.01015,-0.0106,-0.0098,-0.07315,,0,-0.0045,0,-0.0045,0,-0.0045
9.55, -0.0085,-0.01095,0.07105,0.0742,-0.0098,-0.01045,,0,-0.0045,0,-0.0045,0,-0.0045
9.6, 0.0595,-0.01095,-0.01015,-0.0742,-0.0098,-0.07315,,0,-0.0045,0,-0.0045,0,-0.0045
9.65, -0.0595,-0.01095,-0.01015,-0.0106,0.049,-0.01045,,0,-0.0045,0,-0.0045,0,-0.0045
9.7, 0.0595,0.42705,0.4872,0.9328,1.0192,0.90915,,0,-0.0045,0.0225,-0.063,0.054,-0.0495
9.75, 0.6205,0.86505,0.80185,0.7738,0.637,0.67925,,0.0405,-0.045,0.0405,-0.036,0.045,-0.036
9.8, 0.6205,0.79935,0.74095,0.7738,0.7154,0.82555,,0.0405,-0.045,0.0405,-0.054,0.045,-0.0495
9.85, 0.6205,0.71175,0.74095,1.007,0.7154,0.76285,,0.0405,-0.045,0.0405,-0.0495,0.0405,-0.0495
9.9, 0.6205,0.71175,0.74095,0.7738,0.7742,0.90915,,0.0495,-0.045,0.0315,-0.045,0.0405,-0.045
9.95, 0.6205,0.86505,0.74095,0.9222,0.8526,0.76285,,0.036,-0.045,0.036,-0.0585,0.0405,-0.036
10, 0.6205,0.79935,0.59885,0.7738,0.7154,0.76285,,0.0405,-0.045,0.0405,-0.054,0.045,-0.0495
10.05, 0.6205,0.71175,0.74095,0.7738,0.7938,0.84645,,0.0405,-0.036,0.045,-0.0405,0.0495,-0.0495
10.1, 0.5695,0.64605,0.74095,0.8586,0.7154,0.82555,,0.0495,-0.0315,0.0405,-0.0585,0.0405,-0.0495
10.15, 0.7395,0.86505,0.74095,0.8586,0.7154,0.76285,,0.0405,-0.045,0.036,-0.054,0.0495,-0.045
10.2, 0.5695,0.71175,0.65975,1.007,0.7938,0.90915,,0.0405,-0.036,0.0315,-0.0585,0.0495,-0.0495
10.25, 0.7395,0.86505,0.80185,0.9222,0.7154,0.67925,,0.054,-0.045,0.027,-0.0405,0.0405,-0.0495
10.3, 0.6885,0.71175,0.74095,0.8586,0.637,0.7524,,0.0405,-0.045,0.036,-0.054,0.027,-0.018
10.35, 0.612,0.438,0.0812,0,-0.1274,-0.01045,,0.0135,-0.0045,0,-0.0045,0,-0.0045
10.4, 0.0595,-0.07665,-0.01015,-0.0106,-0.0098,-0.01045,,0,-0.0045,0,-0.0045,0,-0.0045
10.45, -0.0595,0.07665,0.07105,-0.0742,0.0686,0.05225,,0,-0.0045,0,-0.0045,0,-0.0045
10.5, 0.0595,-0.01095,0.07105,0.0742,0.1274,-0.07315,,0,-0.0045,0,-0.0045,0,-0.0045
10.55, 0.0595,-0.01095,-0.01015,-0.0106,-0.0098,-0.01045,,0,-0.0045,0,-0.0045,0,-0.0045
10.6, -0.0595,-0.07665,0.07105,0.2226,-0.0098,0.13585,,0,-0.0045,0,-0.0045,0,-0.0045
10.65, 0.0595,0.14235,-0.01015,-0.0742,-0.0686,0.07315,,0,-0.0045,0,-0.0045,0,-0.0045
10.7, 0.0595,-0.16425,-0.07105,0.0742,-0.0098,-0.07315,,0,-0.0045,0,-0.0045,0,-0.0045
10.75, -0.0085,0.07665,-0.07105,0.1378,-0.0098,-0.15675,,0,-0.0045,0,-0.0045,0,-0.0045
10.8, -0.0595,-0.01095,-0.07105,0.0742,0.1274,-0.09405,,0,-0.0045,0,-0.0045,0,-0.0045
10.85, 0.1105,-0.01095,-0.01015,0.0742,-0.0098,-0.07315,,0,-0.0045,0,-0.0045,0,-0.0045
10.9, -0.0595,0.07665,-0.01015,-0.0106,-0.0098,-0.01045,,0,-0.0045,0,-0.0045,0,-0.0045
10.95, 0.0595,0.27375,0.5684,0.9328,0.833,0.82555,,0,-0.0045,0.018,-0.0495,0.0495,-0.036
11, 0.6205,0.64605,0.65975,0.7738,0.637,0.76285,,0.045,-0.036,0.0315,-0.0405,0.0315,-0.0495
11.05, 0.6715,0.79935,0.74095,0.9222,0.7742,0.82555,,0.054,-0.045,0.036,-0.045,0.0405,-0.0495
11.1, 0.6885,0.71175,0.74095,0.9222,0.7154,0.82555,,0.0405,-0.036,0.0405,-0.0405,0.045,-0.036
11.15, 0.6885,0.71175,0.80185,0.7738,0.7938,0.82555,,0.0495,-0.045,0.0405,-0.054,0.0495,-0.0495
11.2, 0.6205,0.79935,0.74095,0.8586,0.7154,0.67925,,0.0405,-0.045,0.027,-0.054,0.0405,-0.0495
11.25, 0.6205,0.79935,0.88305,0.9222,0.7154,0.76285,,0.045,-0.045,0.0405,-0.0495,0.0405,-0.0495
11.3, 0.6885,0.71175,0.74095,0.8586,0.8526,0.76285,,0.0495,-0.036,0.0405,-0.072,0.0495,-0.045
11.35, 0.7395,0.79935,0.80185,0.9222,0.7938,0.76285,,0.0495,-0.036,0.0315,-0.054,0.0495,-0.045
11.4, 0.6205,0.79935,0.74095,0.8586,0.7154,0.82555,,0.0495,-0.0405,0.0405,-0.054,0.054,-0.0495
11.45, 0.7395,0.71175,0.74095,1.007,0.8526,0.76285,,0.0495,-0.036,0.0405,-0.054,0.0405,-0.0495
11.5, 0.6205,0.77745,0.74095,0.8586,0.7938,0.76285,,0.0495,-0.036,0.0405,-0.045,0.0495,-0.0585
11.55, 0.7395,0.71175,0.74095,0.7526,0.5978,0.7524,,0.0495,-0.045,0.045,-0.0315,0.0225,-0.018
11.6, 0.612,0.3504,0.0812,-0.0848,-0.1274,-0.01045,,0.018,-0.0045,0,-0.0045,0,-0.0045
11.65, 0.0595,0.07665,-0.01015,0.1378,-0.0098,-0.07315,,0,-0.0045,0,-0.0045,0,-0.0045
11.7, 0.0595,-0.01095,-0.07105,0.0742,0.0686,-0.01045,,0,-0.0045,0,-0.0045,0,-0.0045
11.75, 0.0595,-0.01095,-0.07105,0.0742,-0.0098,0.07315,,0,-0.0045,0,-0.0045,0,-0.0045
11.8, 0.0595,-0.01095,-0.01015,-0.0742,-0.0098,-0.07315,,0,-0.0045,0,-0.0045,0,-0.0045
11.85, -0.0085,-0.07665,0.07105,0.0742,-0.0098,-0.01045,,0,-0.0045,0,-0.0045,0,-0.0045
11.9, 0.0595,-0.07665,-0.07105,0.0742,0.1274,0.07315,,0,-0.0045,0,-0.0045,0,-0.0045
11.95, 0.0595,-0.16425,-0.01015,-0.2226,-0.0686,-0.01045,,0,-0.0045,0,-0.0045,0,-0.0045
12, -0.0085,-0.07665,0.07105,-0.0106,-0.0098,-0.01045,,0,-0.0045,0,-0.0045,0,-0.0045
12.05, -0.0085,-0.01095,-0.07105,0.0742,0.0686,-0.15675,,0,-0.0045,0,-0.0045,0,-0.0045
12.1, -0.0595,-0.01095,0.13195,0.0742,0.0686,-0.01045,,0,-0.0045,0,-0.0045,0,-0.0045
12.15, -0.0085,-0.16425,-0.15225,-0.0742,-0.0098,-0.07315,,0,-0.0045,0,-0.0045,0,-0.0045
12.2, 0.0595,0.42705,0.4872,0.9328,0.833,0.76285,,0,-0.0045,0.0135,-0.045,0.054,-0.0495
12.25, 0.6205,0.75555,0.74095,0.7738,0.7154,0.82555,,0.0495,-0.0405,0.0405,-0.054,0.0405,-0.0495
12.3, 0.6205,0.86505,0.80185,1.007,0.8526,0.76285,,0.054,-0.045,0.036,-0.0495,0.0405,-0.045
12.35, 0.7395,0.71175,0.74095,0.8586,0.8526,0.76285,,0.0405,-0.036,0.0405,-0.0675,0.0405,-0.0405
12.4, 0.7395,0.86505,0.74095,0.7738,0.7154,0.61655,,0.0405,-0.054,0.0315,-0.0585,0.0405,-0.0495
12.45, 0.6205,0.79935,0.59885,0.8586,0.7154,0.82555,,0.054,-0.045,0.0405,-0.054,0.045,-0.0495
12.5, 0.7395,0.79935,0.88305,0.9222,0.931,0.76285,,0.0405,-0.036,0.0405,-0.0495,0.054,-0.0495
12.55, 0.6205,0.64605,0.74095,0.9434,0.6566,0.76285,,0.0495,-0.036,0.0405,-0.063,0.054,-0.0585
12.6, 0.6205,0.86505,0.80185,0.9222,0.8526,0.67925,,0.0495,-0.045,0.0405,-0.045,0.0405,-0.036
12.65, 0.6205,0.71175,0.74095,0.8586,0.7938,0.76285,,0.0495,-0.036,0.045,-0.054,0.054,-0.045
12.7, 0.7395,0.86505,0.72065,1.007,0.8526,0.90915,,0.036,-0.045,0.0315,-0.054,0.0495,-0.0495
12.75, 0.6205,0.79935,0.74095,0.8586,0.8526,0.76285,,0.0495,-0.036,0.0405,-0.0675,0.0405,-0.036
12.8, 0.8585,0.86505,0.74095,1.007,0.7938,0.57475,,0.0585,-0.045,0.045,-0.0675,0.045,-0.018
12.85, 0.612,0.438,0.0812,-0.0848,-0.2352,-0.01045,,0.0135,-0.0045,0,-0.0045,0,-0.0045
12.9, -0.0085,0.07665,-0.01015,-0.0742,-0.0098,-0.07315,,0,-0.0045,0,-0.0045,0,-0.0045
12.95, 0.0085,0.07665,0.07105,0.0742,0.0686,-0.01045,,0,-0.0045,0,-0.0045,0,-0.0045
13, 0.0595,-0.07665,-0.07105,0.1378,-0.0686,-0.07315,,0,-0.0045,0,-0.0045,0,-0.0045
13.05, 0.0595,0.07665,-0.01015,0.0742,-0.0098,0.13585,,0,-0.0045,0,-0.0045,0,-0.0045
13.1, 0.0595,-0.07665,0.07105,0.053,-0.0686,0.05225,,0,-0.0045,0,-0.0045,0,-0.0045
13.15, -0.0595,-0.01095,-0.07105,0.0742,0.0686,0.07315,,0,-0.0045,0,-0.0045,0,-0.0045
13.2, 0.0595,-0.01095,-0.01015,-0.0742,-0.0098,0.07315,,0,-0.0045,0,-0.0045,0,-0.0045
13.25, -0.0595,-0.01095,0.07105,-0.0106,-0.0098,-0.01045,,0,-0.0045,0,-0.0045,0,-0.0045
13.3, 0.0595,-0.01095,0.13195,0.0742,0.0686,-0.09405,,0,-0.0045,0,-0.0045,-0.0045,-0.0045
13.35, -0.0595,-0.01095,-0.07105,0.0742,-0.0098,-0.01045,,0,-0.0045,0,-0.0045,0,-0.0045
13.4, -0.0085,0.07665,-0.01015,0.0742,-0.0098,-0.01045,,0,-0.0045,0,-0.0045,0,-0.0045
13.45, 0.0595,-0.07665,0.4872,0.9328,0.7056,0.6688,,0,-0.0045,0.0135,-0.0315,0.0225,-0.009
13.5, 0.544,0.5256,0.86275,0.8586,0.8526,0.82555,,0.027,-0.018,0.0405,-0.054,0.0495,-0.045
13.55, 0.6715,0.71175,0.74095,0.8586,0.7938,0.82555,,0.0405,-0.045,0.0405,-0.054,0.0495,-0.036
13.6, 0.5695,0.86505,0.80185,0.9222,0.7938,0.61655,,0.0405,-0.0405,0.027,-0.045,0.0495,-0.0495
13.65, 0.6205,0.79935,0.59885,0.9222,0.6566,0.67925,,0.036,-0.036,0.0315,-0.054,0.0495,-0.036
13.7, 0.6205,0.95265,0.65975,0.9222,0.8526,0.61655,,0.036,-0.054,0.0315,-0.054,0.0495,-0.045
13.75, 0.6885,0.86505,0.65975,0.8586,0.8722,0.76285,,0.0405,-0.036,0.0405,-0.0585,0.0585,-0.063
13.8, 0.6205,0.79935,0.80185,1.007,0.6566,0.67925,,0.0405,-0.045,0.0405,-0.0405,0.036,-0.0495
13.85, 0.6205,0.79935,0.74095,0.8586,0.7938,0.67925,,0.054,-0.045,0.0405,-0.054,0.0495,-0.0495
13.9, 0.6205,0.79935,0.74095,0.8586,0.7938,0.76285,,0.0405,-0.045,0.0405,-0.054,0.0495,-0.0495
13.95, 0.7905,0.79935,0.65975,0.7738,0.7938,0.90915,,0.054,-0.0405,0.0315,-0.045,0.0585,-0.0495
14, 0.7395,0.79935,0.74095,0.8586,0.8526,0.67925,,0.0495,-0.045,0.0405,-0.054,0.054,-0.036
14.05, 0.6885,0.95265,0.74095,1.007,0.7938,0.76285,,0.0495,-0.0405,0.0405,-0.0675,0.045,-0.0495
14.1, 0.5525,0.51465,0.2436,0,-0.1568,-0.07315,,0.0225,-0.0045,0,-0.0045,0,-0.0045
14.15, -0.0595,-0.01095,-0.01015,-0.0106,-0.0686,-0.01045,,0,-0.0045,0,-0.0045,0,-0.0045
14.2, -0.0595,-0.01095,0.07105,0.0742,0.0098,-0.01045,,0,-0.0045,0,-0.0045,0,-0.0045
14.25, 0.0595,-0.01095,-0.07105,0.0742,0.0686,0.07315,,0,-0.0045,0,-0.0045,0,-0.0045
14.3, -0.0085,-0.07665,-0.07105,-0.0742,-0.0098,0.07315,,0,-0.0045,0,-0.0045,0,-0.0045
14.35, -0.0595,-0.07665,-0.07105,0.0742,-0.0098,-0.01045,,0,-0.0045,0,-0.0045,0,-0.0045
14.4, 0.0595,0.07665,0.07105,0.0742,0.0686,0.13585,,0,-0.0045,0,-0.0045,0,-0.0045
14.45, 0.0595,0.07665,-0.07105,-0.0106,-0.0686,-0.07315,,0,-0.0045,0,-0.0045,0,-0.0045
14.5, -0.0085,-0.01095,0.07105,-0.0106,-0.0098,-0.01045,,0,-0.0045,0,-0.0045,0,-0.0045
14.55, 0.0595,-0.16425,0.07105,-0.0742,-0.0686,-0.01045,,0,-0.0045,0,-0.0045,0,-0.0045
14.6, 0.0595,0.07665,0.13195,-0.0106,-0.0098,0.07315,,0,-0.0045,0,-0.0045,0,-0.0045
14.65, -0.0595,-0.01095,-0.01015,-0.0106,-0.0686,-0.01045,,0,-0.0045,0,-0.0045,0,-0.0045
14.7, -0.0085,-0.01095,0.07105,0.1378,0.0686,0.26125,,0,-0.0045,0,-0.0045,0,-0.0045
14.75, 0.204,0.3504,0.812,1.0176,0.9114,0.67925,,0,-0.009,0.0315,-0.045,0.0405,-0.0405
14.8, 0.6205,0.71175,0.74095,0.8586,0.7938,0.76285,,0.0405,-0.045,0.0315,-0.054,0.045,-0.0495
14.85, 0.6205,0.86505,0.65975,0.7738,0.7154,0.76285,,0.054,-0.036,0.0315,-0.0405,0.0495,-0.0495
14.9, 0.5695,0.79935,0.74095,0.7738,0.931,0.82555,,0.045,-0.045,0.0405,-0.0495,0.0495,-0.0495
14.95, 0.6205,0.79935,0.74095,0.8586,0.7938,0.82555,,0.0405,-0.0585,0.045,-0.054,0.0495,-0.045
15, 0.6885,0.79935,0.80185,0.8374,0.7938,0.76285,,0.0405,-0.045,0.0315,-0.054,0.063,-0.0495
15.05, 0.6205,0.79935,0.74095,0.7738,0.8526,0.82555,,0.0495,-0.045,0.036,-0.054,0.036,-0.045
15.1, 0.6885,0.79935,0.74095,0.9222,0.7938,0.76285,,0.0495,-0.054,0.0405,-0.054,0.045,-0.045
15.15, 0.6885,0.86505,0.65975,0.8586,0.931,0.76285,,0.0405,-0.036,0.0405,-0.0585,0.0585,-0.045
15.2, 0.6205,0.79935,0.80185,0.9222,0.8526,0.76285,,0.054,-0.045,0.0315,-0.0585,0.0585,-0.0495
15.25, 0.6885,0.79935,0.74095,0.7738,0.7938,0.76285,,0.0495,-0.045,0.0405,-0.0495,0.0495,-0.0495
15.3, 0.6885,0.71175,0.82215,0.8586,0.7938,0.61655,,0.0495,-0.0405,0.0405,-0.054,0.0495,-0.0495
15.35, 0.6205,0.58035,0.2436,0,-0.049,-0.01045,,0.036,-0.009,0,-0.0045,0,-0.0045
15.4, 0.0595,-0.07665,-0.07105,-0.0742,-0.0686,-0.15675,,0,-0.0045,0,-0.0045,0,-0.0045
15.45, 0.0595,-0.07665,-0.01015,-0.0742,0.0686,0.07315,,0,-0.0045,0,-0.0045,0,-0.0045
15.5, -0.0595,-0.07665,-0.07105,-0.0106,-0.0098,-0.01045,,0,-0.0045,0,-0.0045,0,-0.0045
15.55, -0.0085,0.07665,0.07105,0.0742,-0.147,-0.01045,,0,-0.0045,0,-0.0045,0,-0.0045
15.6, 0.0085,-0.01095,0.07105,0.0742,-0.0098,-0.07315,,0,-0.0045,0,-0.0045,0,-0.0045
15.65, 0.0595,0.07665,-0.07105,-0.0742,-0.0686,0.07315,,0,-0.0045,0,-0.0045,0,-0.0045
15.7, -0.0595,-0.01095,-0.01015,-0.0106,-0.0098,-0.07315,,0,-0.0045,0,-0.0045,0,-0.0045
15.75, 0.0595,-0.01095,0.07105,0.0742,0.0686,0.07315,,0,-0.0045,0,-0.0045,0,-0.0045
15.8, -0.0595,-0.01095,-0.01015,0.0742,-0.0686,-0.07315,,0,-0.0045,0,-0.0045,0,-0.0045
15.85, -0.0085,0.07665,-0.15225,-0.0742,-0.0098,-0.01045,,0,-0.0045,0,-0.0045,0,-0.0045
15.9, -0.1275,0.07665,0.07105,-0.0742,-0.0098,-0.01045,,0,-0.0045,0,-0.0045,0,-0.0045
15.95, 0.0595,-0.16425,0.07105,-0.0106,0.0686,0.26125,,0,-0.0045,0,-0.0045,0,0
16, 0.136,0.438,0.7308,1.0176,0.9114,0.82555,,0,-0.018,0.0315,-0.045,0.0405,-0.036
16.05, 0.6205,0.79935,0.74095,0.8586,0.7938,0.82555,,0.0315,-0.0585,0.0405,-0.0495,0.0495,-0.0495
16.1, 0.7395,0.71175,0.80185,0.7738,0.7154,0.76285,,0.036,-0.036,0.0405,-0.045,0.0495,-0.0495
16.15, 0.6205,0.86505,0.80185,0.9222,0.7154,0.82555,,0.0495,-0.0405,0.036,-0.0495,0.0405,-0.0405
16.2, 0.6205,0.95265,0.68005,0.9222,0.7938,0.67925,,0.0405,-0.0585,0.036,-0.054,0.0495,-0.036
16.25, 0.6885,0.79935,0.65975,0.7738,0.7938,0.76285,,0.0405,-0.0495,0.0315,-0.0495,0.0495,-0.045
16.3, 0.7395,0.79935,0.80185,0.7738,0.8526,0.67925,,0.054,-0.045,0.0405,-0.0495,0.0495,-0.0495
16.35, 0.7395,0.73365,0.74095,0.8586,0.7938,0.82555,,0.054,-0.045,0.0405,-0.0585,0.0495,-0.045
16.4, 0.6885,0.86505,0.65975,0.795,0.7938,0.82555,,0.045,-0.045,0.0405,-0.0675,0.0495,-0.0495
16.45, 0.6205,0.79935,0.59885,0.9222,0.7938,0.76285,,0.036,-0.045,0.0405,-0.054,0.0495,-0.0585
16.5, 0.6205,0.79935,0.74095,0.795,0.7938,0.82555,,0.045,-0.045,0.0405,-0.0495,0.045,-0.0495
16.55, 0.6885,0.86505,0.88305,0.8586,0.7938,0.76285,,0.0405,-0.0405,0.0495,-0.0585,0.0495,-0.045
16.6, 0.6205,0.51465,0.2436,0.0848,-0.049,-0.15675,,0.0405,-0.0045,0,-0.0045,0,-0.0045
16.65, 0.0595,0.07665,0.07105,0.0742,-0.0686,0.07315,,0,-0.0045,0,-0.0045,0,-0.0045
16.7, 0.0595,0.07665,-0.01015,-0.0742,-0.0686,-0.01045,,0,-0.0045,0,-0.0045,0,-0.0045
16.75, -0.0085,0.07665,-0.07105,-0.0742,-0.0098,-0.07315,,0,-0.0045,0,-0.0045,0,-0.0045
16.8, 0.0595,0.07665,0.07105,0.0106,-0.0098,-0.01045,,0,-0.0045,0,-0.0045,0,-0.0045
16.85, 0.0595,0.07665,-0.07105,0.0742,0.0686,-0.01045,,0,-0.0045,0,-0.0045,0,-0.0045
16.9, 0.1105,0.07665,-0.07105,-0.0742,-0.0686,-0.01045,,0,-0.0045,0,-0.0045,0,-0.0045
16.95, 0.0595,-0.01095,0.01015,-0.0106,-0.0098,-0.01045,,0,-0.0045,0,-0.0045,0,-0.0045
17, 0.0595,-0.16425,0.07105,0.1378,-0.0686,0.07315,,0,-0.0045,0,-0.0045,0,-0.0045
17.05, -0.0595,0.14235,-0.07105,0.0742,-0.0686,-0.01045,,0,-0.0045,0,-0.0045,0,-0.0045
17.1, -0.1275,-0.01095,-0.01015,-0.0106,-0.0686,-0.01045,,0,-0.0045,0,-0.0045,0,-0.0045
17.15, -0.0595,-0.01095,-0.07105,0.0742,-0.0882,0.07315,,0,-0.0045,0,-0.0045,0,-0.0045
17.2, 0.1105,0.07665,-0.01015,-0.0106,0.0686,0.11495,,0,-0.0045,0,-0.0045,0,0
17.25, 0.136,0.438,0.812,1.0176,0.7742,0.67925,,0,-0.0135,0.027,-0.045,0.0405,-0.036
17.3, 0.6205,0.79935,0.74095,0.8586,0.7154,0.82555,,0.0405,-0.045,0.0405,-0.0495,0.0405,-0.036
17.35, 0.7395,0.86505,0.74095,0.7738,0.7154,0.90915,,0.0405,-0.036,0.0315,-0.054,0.0495,-0.045
17.4, 0.7395,0.64605,0.80185,0.9222,0.7154,0.67925,,0.0495,-0.045,0.0405,-0.045,0.0405,-0.0405
17.45, 0.6205,0.79935,0.74095,0.8586,0.8526,0.67925,,0.0405,-0.0495,0.0405,-0.054,0.063,-0.036
17.5, 0.6205,0.79935,0.80185,0.9222,0.7938,0.82555,,0.0405,-0.045,0.0405,-0.054,0.0495,-0.045
17.55, 0.6715,0.79935,0.80185,0.7738,0.7154,0.67925,,0.036,-0.045,0.0405,-0.0405,0.0405,-0.0495
17.6, 0.6205,0.79935,0.74095,0.8586,0.6566,0.76285,,0.045,-0.045,0.0405,-0.0495,0.0405,-0.0585
17.65, 0.6885,0.71175,0.65975,0.8586,0.7938,0.76285,,0.0405,-0.045,0.0405,-0.063,0.054,-0.0495
17.7, 0.6205,0.86505,0.74095,0.9222,0.8526,0.90915,,0.0405,-0.045,0.0405,-0.045,0.054,-0.045
17.75, 0.6205,0.95265,0.74095,0.9222,0.8526,0.76285,,0.0495,-0.0405,0.0405,-0.0585,0.054,-0.0495
17.8, 0.6885,0.71175,0.74095,1.007,0.7938,0.76285,,0.0405,-0.045,0.0495,-0.0495,0.0495,-0.0495
17.85, 0.7395,0.86505,0.3248,0.0848,-0.0784,0.17765,,0.045,-0.045,0,0,0,-0.0045
17.9, 0.204,0.438,-0.2436,-0.0742,-0.0098,-0.01045,,0,-0.0045,0,-0.0045,0,-0.0045
17.95, -0.1105,-0.07665,-0.01015,-0.0742,-0.0098,-0.01045,,0,-0.0045,0,-0.0045,0,-0.0045
18, 0.0595,-0.01095,0.07105,0.0742,-0.0098,-0.01045,,0,-0.0045,0,-0.0045,0,-0.0045
18.05, 0.0595,-0.16425,-0.07105,-0.0742,0.0686,-0.01045,,0,-0.0045,0,-0.0045,0,-0.0045
18.1, 0.0595,-0.07665,-0.07105,-0.0106,0.1274,-0.01045,,0,-0.0045,0,-0.0045,0,-0.0045
18.15, -0.0595,-0.01095,0.07105,-0.0742,-0.0686,-0.01045,,0,-0.0045,0,-0.0045,0,-0.0045
18.2, 0.0595,-0.01095,0.07105,-0.0106,0.0686,-0.07315,,0,-0.0045,0,-0.0045,0,-0.0045
18.25, 0.0595,-0.01095,-0.07105,-0.0742,0.0686,-0.07315,,0,-0.0045,0,-0.0045,0,-0.0045
18.3, -0.0085,0.14235,0.07105,-0.0106,-0.0686,-0.01045,,0,-0.0045,0,-0.0045,0,-0.0045
18.35, 0.0595,-0.07665,0.07105,0.0106,-0.0686,-0.01045,,0,-0.0045,0,-0.0045,0,-0.0045
18.4, -0.0085,-0.01095,-0.01015,0.0742,-0.0098,-0.07315,,0,-0.0045,0,-0.0045,0,-0.0045
18.45, -0.0085,-0.07665,-0.01015,-0.0742,-0.0098,-0.15675,,0,-0.0045,0,-0.0045,0,-0.0045
18.5, 0.0595,0.27375,0.5684,0.848,0.833,0.76285,,0,-0.0045,0.018,-0.0495,0.054,-0.036
18.55, 0.6885,0.86505,0.74095,0.7102,0.7154,0.67925,,0.036,-0.036,0.0405,-0.0405,0.036,-0.0405
18.6, 0.7395,0.86505,0.80185,0.9222,0.7154,0.82555,,0.0405,-0.045,0.0405,-0.0405,0.0405,-0.0495
18.65, 0.6205,0.79935,0.65975,0.8586,0.7938,0.82555,,0.0405,-0.045,0.0405,-0.054,0.054,-0.0495
18.7, 0.6205,0.86505,0.74095,0.7738,0.7742,0.82555,,0.036,-0.0405,0.0405,-0.0405,0.0495,-0.045
18.75, 0.5695,0.86505,0.74095,0.8586,0.7938,0.76285,,0.036,-0.045,0.0405,-0.0495,0.0405,-0.0495
18.8, 0.6715,0.79935,0.74095,1.007,0.8526,0.67925,,0.0495,-0.0405,0.036,-0.0495,0.0495,-0.045
18.85, 0.7395,0.86505,0.74095,0.7738,0.8526,0.76285,,0.0495,-0.036,0.0405,-0.045,0.0585,-0.0495
18.9, 0.6885,0.79935,0.65975,0.8586,0.8526,0.76285,,0.0495,-0.045,0.0405,-0.063,0.0495,-0.045
18.95, 0.6205,0.79935,0.80185,0.8586,0.7938,0.76285,,0.0495,-0.036,0.0405,-0.054,0.0495,-0.0495
19, 0.7395,0.71175,0.88305,0.9222,0.8722,0.82555,,0.045,-0.036,0.0405,-0.0585,0.0585,-0.0405
19.05, 0.6885,0.71175,0.74095,0.8586,0.6566,0.76285,,0.045,-0.036,0.0405,-0.045,0.0495,-0.0495
19.1, 0.8075,0.71175,0.74095,0.8586,0.6958,0.6688,,0.0495,-0.045,0.0405,-0.054,0.027,-0.018
19.15, 0.612,0.3504,0.1624,0,-0.2352,-0.01045,,0.0135,-0.0045,0,-0.0045,0,-0.0045
19.2, 0.0595,-0.07665,0.07105,0.1378,-0.0098,-0.01045,,0,-0.0045,0,-0.0045,0,-0.0045
19.25, 0.0085,-0.01095,-0.07105,0.0742,0.0686,-0.01045,,0,-0.0045,0,-0.0045,0,-0.0045
19.3, -0.0595,-0.01095,0.07105,0.0742,-0.0686,0.07315,,0,-0.0045,0,-0.0045,0,-0.0045
19.35, 0.0085,0.07665,-0.01015,-0.0106,-0.0098,-0.01045,,0,-0.0045,0,-0.0045,0,-0.0045
19.4, -0.0595,-0.07665,0.07105,-0.0106,-0.0098,-0.01045,,0,-0.0045,0,-0.0045,0,-0.0045
19.45, 0.0595,-0.01095,-0.01015,0.0742,-0.0686,-0.07315,,0,-0.0045,0,-0.0045,0,-0.0045
19.5, 0.0595,-0.16425,-0.01015,-0.0742,-0.0098,-0.01045,,0,-0.0045,0,-0.0045,0,-0.0045
19.55, -0.0085,-0.01095,-0.07105,-0.0106,-0.0098,-0.01045,,0,-0.0045,0,-0.0045,0,-0.0045
19.6, 0.0595,-0.07665,0.13195,0.0742,0.0686,-0.15675,,0,-0.0045,0,-0.0045,0,-0.0045
19.65, 0.0595,-0.01095,-0.01015,0.1378,0.1274,-0.07315,,0,-0.0045,0,-0.0045,0,-0.0045
19.7, -0.0595,-0.07665,0.07105,-0.0106,-0.0098,-0.01045,,0,-0.0045,0,-0.0045,0,-0.0045
19.75, -0.0595,0.36135,0.5684,0.848,0.833,0.76285,,0,-0.0045,0.018,-0.045,0.0495,-0.045
19.8, 0.6205,0.86505,0.65975,0.9222,0.7154,0.82555,,0.0405,-0.0315,0.0405,-0.054,0.0405,-0.0495
19.85, 0.6205,0.86505,0.59885,0.8586,0.8526,0.76285,,0.036,-0.045,0.036,-0.054,0.0405,-0.0495
19.9, 0.6885,0.86505,0.74095,1.007,0.8526,0.61655,,0.0405,-0.045,0.0405,-0.054,0.0405,-0.036
19.95, 0.7395,0.71175,0.88305,0.8586,0.9898,0.76285,,0.0405,-0.036,0.0405,-0.045,0.0585,-0.0495
20, 0.6205,0.86505,0.80185,0.7102,0.7938,0.67925,,0.0405,-0.045,0.0405,-0.054,0.0495,-0.0405
20.05, 0.7395,0.79935,0.74095,0.9222,0.8526,0.76285,,0.0495,-0.045,0.0405,-0.054,0.0405,-0.0495
20.1, 0.6885,0.79935,0.74095,0.7738,0.7938,0.90915,,0.0495,-0.0495,0.0405,-0.045,0.0495,-0.0585
20.15, 0.6205,0.71175,0.65975,0.8586,0.7154,0.76285,,0.0495,-0.036,0.036,-0.054,0.0405,-0.0495
20.2, 0.5695,0.64605,0.74095,0.8586,0.7938,0.76285,,0.054,-0.045,0.0405,-0.054,0.0495,-0.045
20.25, 0.6205,0.79935,0.74095,0.8586,0.931,0.76285,,0.0405,-0.0405,0.036,-0.072,0.0495,-0.045
20.3, 0.6885,0.71175,0.74095,0.8586,0.7938,0.76285,,0.0495,-0.036,0.0495,-0.045,0.0405,-0.045
20.35, 0.7395,0.71175,0.68005,0.9222,0.5978,0.6688,,0.0495,-0.036,0.0405,-0.036,0.0225,-0.018
20.4, 0.612,0.438,0.0812,-0.0848,-0.1274,-0.01045,,0.018,-0.0045,0,-0.0045,0,-0.0045
20.45, 0.1105,0.07665,-0.01015,-0.0742,-0.147,-0.01045,,0,-0.0045,0,-0.0045,0,-0.0045
20.5, -0.0595,-0.01095,0.07105,0.0742,0.0686,-0.01045,,0,-0.0045,0,-0.0045,0,-0.0045
20.55, 0.1105,-0.01095,0.07105,0.0742,0.0686,0.07315,,0,-0.0045,0,-0.0045,0,-0.0045
20.6, 0.0595,0.07665,-0.01015,-0.0742,-0.0686,-0.01045,,0,-0.0045,0,-0.0045,0,-0.0045
20.65, 0.0595,-0.01095,0.07105,0.0742,-0.0098,-0.01045,,0,-0.0045,0,-0.0045,0,-0.0045
20.7, 0.0085,-0.01095,-0.07105,0.0742,-0.0686,0.07315,,0,-0.0045,0,-0.0045,0,-0.0045
20.75, 0.0595,-0.16425,-0.07105,-0.0106,0.1274,0.07315,,0,-0.0045,0,-0.0045,0,-0.0045
20.8, -0.0595,0.14235,0.07105,0.0742,-0.0098,-0.01045,,0,-0.0045,0,-0.0045,0,-0.0045
20.85, 0.0085,-0.01095,0.07105,0.0742,-0.0686,-0.09405,,0,-0.0045,0,-0.0045,0,-0.0045
20.9, 0.0595,-0.01095,-0.07105,0.0742,-0.0098,-0.07315,,0,-0.0045,0,-0.0045,0,-0.0045
20.95, -0.0085,-0.01095,-0.09135,-0.0742,0.049,-0.01045,,0,-0.0045,0,-0.0045,0,-0.0045
21, 0.0595,0.27375,0.5684,0.848,0.833,0.82555,,0,-0.0045,0.018,-0.0495,0.0495,-0.045
21.05, 0.7395,0.71175,0.80185,0.7738,0.7154,0.67925,,0.036,-0.036,0.0405,-0.045,0.045,-0.0405
21.1, 0.6205,0.86505,0.74095,0.7738,0.8526,0.76285,,0.0405,-0.045,0.036,-0.0405,0.054,-0.0495
21.15, 0.6885,0.71175,0.88305,0.9222,0.6566,0.82555,,0.0495,-0.036,0.0405,-0.0585,0.0405,-0.0495
21.2, 0.6885,0.71175,0.74095,0.7738,0.8722,0.90915,,0.0405,-0.045,0.0405,-0.045,0.0495,-0.063
21.25, 0.7395,0.79935,0.88305,0.9222,0.8526,0.76285,,0.0495,-0.045,0.0405,-0.0495,0.045,-0.036
21.3, 0.5695,0.79935,0.88305,0.7102,0.7938,0.76285,,0.063,-0.045,0.036,-0.0495,0.0495,-0.0495
21.35, 0.7395,0.71175,0.74095,0.9222,0.7938,0.76285,,0.0495,-0.036,0.045,-0.0675,0.063,-0.045
21.4, 0.6205,0.79935,0.80185,0.8586,0.8526,0.76285,,0.0495,-0.036,0.0405,-0.0585,0.0495,-0.0495
21.45, -0.6205,0.86505,0.74095,0.8586,0.7938,0.61655,,0.045,-0.045,0.0405,-0.0495,0.0495,-0.054
21.5, 0.7395,0.77745,0.74095,0.795,0.7938,0.90915,,0.045,-0.036,0.045,-0.0495,0.0495,-0.0585
21.55, 0.6885,0.71175,0.80185,0.9222,0.7938,0.76285,,0.054,-0.036,0.036,-0.0585,0.0495,-0.036
21.6, 0.7395,0.79935,0.74095,0.8586,0.6762,0.6688,,0.0495,-0.045,0.036,-0.045,0.0315,-0.027
21.65, 0.612,0.438,0.0812,0,-0.1274,-0.01045,,0.0135,-0.0045,0,-0.0045,0,-0.0045
21.7, -0.0085,0.07665,-0.07105,-0.0106,-0.0098,-0.01045,,0,-0.0045,0,-0.0045,0,-0.0045
21.75, 0.0085,-0.07665,-0.07105,0.0742,-0.0098,-0.01045,,0,-0.0045,0,-0.0045,0,-0.0045
21.8, 0.0595,-0.01095,-0.07105,0.0742,-0.0686,0.07315,,0,-0.0045,0,-0.0045,0,-0.0045
21.85, -0.0595,0.07665,-0.07105,-0.0742,-0.0098,0.07315,,0,-0.0045,0,-0.0045,0,-0.0045
21.9, -0.0595,0.07665,0.07105,0.0742,-0.0098,-0.01045,,0,-0.0045,0,-0.0045,0,-0.0045
21.95, 0.0595,-0.07665,0.13195,0.0742,0.0686,0.07315,,0,-0.0045,0,-0.0045,0,-0.0045
22, 0.1105,-0.01095,-0.01015,0.0742,-0.0686,-0.01045,,0,-0.0045,0,-0.0045,0,-0.0045
22.05, -0.0085,-0.07665,0.07105,-0.0106,-0.0098,-0.01045,,0,-0.0045,0,-0.0045,0,-0.0045
22.1, 0.0595,-0.01095,0.07105,0.0742,-0.147,-0.01045,,0,-0.0045,0,-0.0045,0,-0.0045
22.15, 0.0595,-0.01095,-0.07105,-0.0106,0.0686,-0.01045,,0,-0.0045,0,-0.0045,0,-0.0045
22.2, -0.0085,-0.01095,-0.01015,-0.0106,-0.0098,-0.07315,,0,-0.0045,0,-0.0045,0,-0.0045
22.25, 0.0595,0.27375,0.4872,0.9328,0.833,0.90915,,0,-0.0045,0.0135,-0.0495,0.0405,-0.0495
22.3, 0.6205,0.876,0.74095,0.7738,0.8526,0.76285,,0.036,-0.045,0.0405,-0.054,0.045,-0.0495
22.35, 0.7395,0.71175,0.74095,0.8586,0.7154,0.76285,,0.045,-0.036,0.036,-0.054,0.0495,-0.045
22.4, 0.6885,0.71175,0.88305,0.8586,0.7938,0.76285,,0.0405,-0.045,0.036,-0.0585,0.0495,-0.045
22.45, 0.6715,0.79935,0.80185,0.7738,0.8526,0.67925,,0.0405,-0.045,0.0315,-0.054,0.0585,-0.0405
22.5, 0.6205,0.64605,0.74095,0.7738,0.6566,0.82555,,0.0495,-0.045,0.0405,-0.045,0.0495,-0.045
22.55, 0.6885,0.86505,0.74095,0.9222,0.7938,0.76285,,0.0405,-0.036,0.0405,-0.0585,0.0495,-0.0585
22.6, 0.6885,0.79935,0.74095,0.9222,0.7938,0.67925,,0.0405,-0.045,0.0405,-0.054,0.0495,-0.0495
22.65, 0.6205,0.79935,0.74095,0.7738,0.7938,0.67925,,0.0495,-0.045,0.036,-0.045,0.0495,-0.0495
22.7, 0.6715,0.71175,0.74095,1.007,0.7938,0.90915,,0.0495,-0.0405,0.0405,-0.063,0.054,-0.0495
22.75, 0.6885,0.86505,0.80185,0.8586,0.7938,0.84645,,0.0405,-0.036,0.0495,-0.0495,0.0495,-0.0585
22.8, 0.6205,0.64605,0.74095,0.8586,0.7154,0.82555,,0.0495,-0.045,0.0405,-0.054,0.0585,-0.045
22.85, 0.7395,0.71175,0.74095,1.007,0.7546,0.55385,,0.0495,-0.045,0.036,-0.045,0.027,-0.018
22.9, 0.544,0.36135,0.0812,-0.0848,-0.049,-0.01045,,0.009,-0.0045,0,-0.0045,0,-0.0045
22.95, -0.0595,-0.01095,-0.01015,-0.0742,-0.0686,-0.07315,,0,-0.0045,0,-0.0045,0,-0.0045
23, 0.0595,-0.07665,0.07105,0.0742,-0.0098,0.13585,,0,-0.0045,0,-0.0045,0,-0.0045
23.05, 0.0085,0.07665,0.07105,-0.0742,0.1274,-0.07315,,0,-0.0045,0,-0.0045,0,-0.0045
23.1, -0.0595,-0.01095,-0.07105,-0.0742,-0.0098,0.07315,,0,-0.0045,0,-0.0045,0,-0.0045
23.15, 0.1105,-0.01095,0.07105,-0.0742,-0.0686,-0.01045,,0,-0.0045,0,-0.0045,0,-0.0045
23.2, 0.0595,0.07665,0.07105,0.0742,0.0686,0.07315,,0,-0.0045,0,-0.0045,0,-0.0045
23.25, 0.0595,-0.01095,-0.01015,0.0742,-0.0686,0.07315,,0,-0.0045,0,-0.0045,0,-0.0045
23.3, 0.1105,-0.01095,0.21315,-0.0106,-0.0098,0.13585,,0,-0.0045,0,-0.0045,0,-0.0045
23.35, 0.0595,-0.16425,0.07105,0.0742,-0.0686,-0.07315,,0,-0.0045,0,-0.0045,0,-0.0045
23.4, 0.0595,0.14235,0.07105,-0.0106,0.0686,0.07315,,0,-0.0045,0,-0.0045,0,-0.0045
23.45, -0.0085,-0.01095,-0.07105,0.0742,-0.147,-0.07315,,0,-0.0045,0,-0.0045,0,-0.0045
23.5, 0.0595,-0.01095,0.25375,0.2544,0.1568,0.2508,,0,-0.0045,0,0,0,0
23.55, 0.204,0.438,0.812,0.901,0.8526,0.82555,,0,-0.009,0.045,-0.045,0.0495,-0.045
23.6, 0.6205,0.86505,0.65975,0.7102,0.7938,0.76285,,0.0315,-0.036,0.0495,-0.045,0.0405,-0.045
23.65, 0.6205,0.64605,0.80185,0.7738,0.7154,0.76285,,0.036,-0.045,0.036,-0.045,0.0495,-0.0495
23.7, 0.6205,0.86505,0.88305,0.9222,0.7938,0.76285,,0.0405,-0.045,0.045,-0.045,0.0495,-0.045
23.75, 0.6205,0.71175,0.88305,0.9222,0.7938,0.82555,,0.0405,-0.036,0.0405,-0.0495,0.0495,-0.036
23.8, 0.6885,0.86505,0.74095,0.9222,0.7938,0.76285,,0.0405,-0.045,0.0315,-0.0585,0.0495,-0.0585
23.85, 0.6205,0.79935,0.74095,0.9222,0.8526,0.76285,,0.0495,-0.036,0.0405,-0.054,0.0495,-0.036
23.9, 0.5695,0.79935,0.74095,0.8586,0.8526,0.76285,,0.054,-0.045,0.045,-0.0495,0.0495,-0.054
23.95, 0.7395,0.71175,0.80185,0.8586,0.735,0.76285,,0.0495,-0.036,0.0405,-0.054,0.0585,-0.0495
24, 0.6205,0.79935,0.80185,0.8586,0.8526,0.84645,,0.0405,-0.045,0.0405,-0.0585,0.0405,-0.0495
24.05, 0.6205,0.79935,0.74095,0.8586,0.6566,0.82555,,0.054,-0.0405,0.0405,-0.054,0.036,-0.0495
24.1, 0.7395,0.71175,0.74095,0.8586,0.7938,0.76285,,0.0405,-0.036,0.0405,-0.063,0.0495,-0.045
24.15, 0.6205,0.58035,0.2436,0.0848,-0.049,-0.01045,,0.045,-0.0045,0,-0.0045,0,-0.0045
